[
    {
        "id": 1,
        "name":"Blue Square Bottle",
        "price":0.4,
        "image":".././images/HomePage/Products/All/lotion-1.jpg",
        "material":"PC",
        "capacity":"20ml",
        "show":"all",
        "description":"The bottle is made of opaque blue plastic, which protects light-sensitive materials. The pump also features a quick and easy-to-use twist lock to dispense no unnecessary soap. All dispensing pumps include a transparent cover and ship to you in a locked position. Turn the pump head 90° counterclockwise to unlock."
    },
    {
        "id": 2,
        "name":"Comestic Lotion Bottle",
        "price":0.2,
        "image":".././images/HomePage/Products/All/comestic-1.jpg",
        "material":"PET",
        "capacity":"15ml",
        "show":"all",
        "description":"With a secure screw cap and 100% brand-new quality, these bottles are your ideal choice for skin care creams. The epitome of elegance, the AFHSNA PCR Bottle series combines aesthetic appeal with durability, weighing 20g for frosted and 28g for clear."
    },
    {
        "id": 3,
        "name":"Plastic Medicine Bottles",
        "price":0.5,
        "image":".././images/HomePage/Products/All/medicine-bottle.jpg",
        "material":"PC",
        "capacity":"10ml",
        "show":"all",
        "description":"With a secure screw cap and 100% brand-new quality, these bottles are your ideal choice for skin care creams. The epitome of elegance, the AFHSNA PCR Bottle series combines aesthetic appeal with durability, weighing 20g for frosted and 28g for clear."
    },
    {
        "id": 4,
        "name":"Air",
        "price":0.4,
        "image":".././images/HomePage/Products/Latest/juice-2.jpg",
        "material":"PET",
        "capacity":"20ml",
        "show":"best-Sellers",
        "description":"With a secure screw cap and 100% brand-new quality, these bottles are your ideal choice for skin care creams. The epitome of elegance, the AFHSNA PCR Bottle series combines aesthetic appeal with durability, weighing 20g for frosted and 28g for clear."
    },
    {
        "id": 5,
        "name":"Boston Juice Bottle",
        "price":0.8,
        "image":".././images/HomePage/Products/Latest/juice-1.jpg",
        "material":"PP",
        "capacity":"350ml",
        "show":"latest",
        "description":"With a secure screw cap and 100% brand-new quality, these bottles are your ideal choice for skin care creams. The epitome of elegance, the AFHSNA PCR Bottle series combines aesthetic appeal with durability, weighing 20g for frosted and 28g for clear."
    },
    {
        "id": 6,
        "name":"Juice Bottle",
        "price":0.4,
        "image":".././images/HomePage/Products/Latest/juice-6.jpg",
        "material":"PET",
        "capacity":"200ml",
        "show":"latest",
        "description":"With a secure screw cap and 100% brand-new quality, these bottles are your ideal choice for skin care creams. The epitome of elegance, the AFHSNA PCR Bottle series combines aesthetic appeal with durability, weighing 20g for frosted and 28g for clear."
    },
    {
        "id": 7,
        "name":"Airless Pump Bottle",
        "price":0.4,
        "image":".././images/HomePage/Products/All/Airless-Cream-Bottles.png",
        "material":"PET",
        "capacity":"20ml",
        "show":"best-Sellers",
        "description":"With a secure screw cap and 100% brand-new quality, these bottles are your ideal choice for skin care creams. The epitome of elegance, the AFHSNA PCR Bottle series combines aesthetic appeal with durability, weighing 20g for frosted and 28g for clear."
    },
    {
        "id": 8,
        "name":"Juice Bottle Set",
        "price":4.5,
        "image":".././images/HomePage/Products/Latest/juice-5.jpg",
        "material":"PET",
        "capacity":"20ml",
        "show":"best-Sellers",
        "description":"With a secure screw cap and 100% brand-new quality, these bottles are your ideal choice for skin care creams. The epitome of elegance, the AFHSNA PCR Bottle series combines aesthetic appeal with durability, weighing 20g for frosted and 28g for clear."
    },
    {
        "id": 9,
        "name":"Air",
        "price":0.4,
        "image":".././images/HomePage/Products/All/Airless-Cream-Bottles.png",
        "material":"PET",
        "capacity":"20ml",
        "show":"best-Sellers",
        "description":"With a secure screw cap and 100% brand-new quality, these bottles are your ideal choice for skin care creams. The epitome of elegance, the AFHSNA PCR Bottle series combines aesthetic appeal with durability, weighing 20g for frosted and 28g for clear."
    },
    {
        "id": 10,
        "name":"Air",
        "price":0.4,
        "image":".././images/HomePage/Products/All/Airless-Cream-Bottles.png",
        "material":"PET",
        "capacity":"20ml",
        "show":"spesial",
        "description":"With a secure screw cap and 100% brand-new quality, these bottles are your ideal choice for skin care creams. The epitome of elegance, the AFHSNA PCR Bottle series combines aesthetic appeal with durability, weighing 20g for frosted and 28g for clear."
    },
    {
        "id": 11,
        "name":"Air",
        "price":0.4,
        "image":".././images/HomePage/Products/All/Airless-Cream-Bottles.png",
        "material":"PET",
        "capacity":"20ml",
        "show":"spesial",
        "description":"With a secure screw cap and 100% brand-new quality, these bottles are your ideal choice for skin care creams. The epitome of elegance, the AFHSNA PCR Bottle series combines aesthetic appeal with durability, weighing 20g for frosted and 28g for clear."
    },
    {
        "id": 12,
        "name":"Air",
        "price":0.4,
        "image":".././images/HomePage/Products/All/Airless-Cream-Bottles.png",
        "material":"PET",
        "capacity":"20ml",
        "show":"spesial"
    },
    {
        "id": 13,
        "name":"Juice Bottle Set",
        "price":2.8,
        "image":".././images/HomePage/Products/Latest/juice-3.jpg",
        "material":"PET",
        "capacity":"20ml",
        "show":"latest",
        "description":"With a secure screw cap and 100% brand-new quality, these bottles are your ideal choice for skin care creams. The epitome of elegance, the AFHSNA PCR Bottle series combines aesthetic appeal with durability, weighing 20g for frosted and 28g for clear."
    },
    {
        "id": 14,
        "name":"Juice Bottle",
        "price":0.6,
        "image":".././images/HomePage/Products/Latest/juice-7.jpg",
        "material":"PET",
        "capacity":"300ml",
        "show":"all"
    },
    {
        "id": 15,
        "name":"Clear Travel Bottle Set",
        "price":2.8,
        "image":".././images/HomePage/Products/All/travel-set-1.jpg",
        "material":"PET",
        "capacity":"20ml",
        "show":"all"
    },
    {
        "id": 16,
        "name":"Airless Pump Bottle Set",
        "price":3.6,
        "image":".././images/HomePage/Products/All/airless-pump-4.jpg",
        "material":"PC",
        "capacity":"20ml",
        "show":"all"
    },
    {
        "id": 17,
        "name":"Juice Bottle",
        "price":0.4,
        "image":".././images/HomePage/Products/Latest/juice-6.jpg",
        "material":"PET",
        "capacity":"250ml",
        "show":"latest",
        "description":"With a secure screw cap and 100% brand-new quality, these bottles are your ideal choice for skin care creams. The epitome of elegance, the AFHSNA PCR Bottle series combines aesthetic appeal with durability, weighing 20g for frosted and 28g for clear."
    },
    {
        "id": 18,
        "name":"Square Juice Bottle",
        "price":0.2,
        "image":".././images/HomePage/Products/Latest/juice-7.jpg",
        "material":"PP",
        "capacity":"150ml",
        "show":"latest"
    },
    {
        "id": 19,
        "name":"Airless Pump Bottle",
        "price":0.4,
        "image":".././images/HomePage/Products/All/Airless-Cream-Bottles.png",
        "material":"PET",
        "capacity":"20ml",
        "show":"latest"
    },
    {
        "id": 20,
        "name":"Air",
        "price":0.4,
        "image":".././images/HomePage/Products/All/Airless-Cream-Bottles.png",
        "material":"PC",
        "capacity":"20ml",
        "show":"best-Sellers"
    },
    {
        "id": 21,
        "name":"Air",
        "price":0.4,
        "image":".././images/HomePage/Products/All/Airless-Cream-Bottles.png",
        "material":"PET",
        "capacity":"20ml",
        "show":"best-Sellers"
    },
    {
        "id": 22,
        "name":"Air",
        "price":0.4,
        "image":".././images/HomePage/Products/All/Airless-Cream-Bottles.png",
        "material":"PET",
        "capacity":"20ml",
        "show":"spesial"
    },
    {
        "id": 23,
        "name":"Air",
        "price":0.4,
        "image":".././images/HomePage/Products/All/Airless-Cream-Bottles.png",
        "material":"PET",
        "capacity":"20ml",
        "show":"spesial"
    },
    {
        "id": 24,
        "name":"Air",
        "price":0.4,
        "image":".././images/HomePage/Products/All/Airless-Cream-Bottles.png",
        "material":"PET",
        "capacity":"20ml",
        "show":"spesial"
    },
    {
        "id": 25,
        "name":"Airless Pump Bottles",
        "price":0.8,
        "image":".././images/ProductType/al1.jpg",
        "material":"PET",
        "capacity":"80ml",
        "description":"With a secure screw cap and 100% brand-new quality, these bottles are your ideal choice for skin care creams. The epitome of elegance, the AFHSNA PCR Bottle series combines aesthetic appeal with durability, weighing 20g for frosted and 28g for clear.",
        "type":"Airless Pump Bottle"
    },
    {
        "id": 26,
        "name":"Airless Pump Bottles",
        "price":0.6,
        "image":".././images/ProductType/al2.jpg",
        "material":"PP",
        "capacity":"100ml",
        "description":"With a secure screw cap and 100% brand-new quality, these bottles are your ideal choice for skin care creams. The epitome of elegance, the AFHSNA PCR Bottle series combines aesthetic appeal with durability, weighing 20g for frosted and 28g for clear.",
        "type":"Airless Pump Bottle"
    },
    {
        "id": 27,
        "name":"Airless Pump Bottles",
        "price":0.2,
        "image":".././images/ProductType/al3.jpg",
        "material":"PC",
        "capacity":"50ml",
        "description":"With a secure screw cap and 100% brand-new quality, these bottles are your ideal choice for skin care creams. The epitome of elegance, the AFHSNA PCR Bottle series combines aesthetic appeal with durability, weighing 20g for frosted and 28g for clear.",
        "type":"Airless Pump Bottle"
    },
    {
        "id": 28,
        "name":"Airless Pump Bottles",
        "price":0.4,
        "image":".././images/ProductType/al4.jpg",
        "material":"PET",
        "capacity":"50ml",
        "description":"With a secure screw cap and 100% brand-new quality, these bottles are your ideal choice for skin care creams. The epitome of elegance, the AFHSNA PCR Bottle series combines aesthetic appeal with durability, weighing 20g for frosted and 28g for clear.",
        "type":"Airless Pump Bottle"
    },
    {
        "id": 29,
        "name":"Airless Pump Bottles",
        "price":0.2,
        "image":".././images/ProductType/al5.png",
        "material":"PP",
        "capacity":"50ml",
        "description":"With a secure screw cap and 100% brand-new quality, these bottles are your ideal choice for skin care creams. The epitome of elegance, the AFHSNA PCR Bottle series combines aesthetic appeal with durability, weighing 20g for frosted and 28g for clear.",
        "type":"Airless Pump Bottle"
    },
    {
        "id": 30,
        "name":"Airless Pump Bottles",
        "price":0.4,
        "image":".././images/ProductType/al6.jpg",
        "material":"PET",
        "capacity":"60ml",
        "description":"With a secure screw cap and 100% brand-new quality, these bottles are your ideal choice for skin care creams. The epitome of elegance, the AFHSNA PCR Bottle series combines aesthetic appeal with durability, weighing 20g for frosted and 28g for clear.",
        "type":"Airless Pump Bottle"
    },
    {
        "id": 31,
        "name":"Airless Pump Bottles",
        "price":0.5,
        "image":".././images/ProductType/al7.jpg",
        "material":"PP",
        "capacity":"80ml",
        "description":"With a secure screw cap and 100% brand-new quality, these bottles are your ideal choice for skin care creams. The epitome of elegance, the AFHSNA PCR Bottle series combines aesthetic appeal with durability, weighing 20g for frosted and 28g for clear.",
        "type":"Airless Pump Bottle"
    },
    {
        "id": 32,
        "name":"Airless Pump Bottles",
        "price":0.3,
        "image":".././images/ProductType/al8.jpg",
        "material":"PC",
        "capacity":"50ml",
        "description":"With a secure screw cap and 100% brand-new quality, these bottles are your ideal choice for skin care creams. The epitome of elegance, the AFHSNA PCR Bottle series combines aesthetic appeal with durability, weighing 20g for frosted and 28g for clear.",
        "type":"Airless Pump Bottle"
    }
]