{"flutter":{"platforms":{"android":{"default":{"projectId":"realtime-67b18","appId":"1:233326359871:android:692026d15d618a848d8f8a","fileOutput":"android/app/google-services.json"}},"dart":{"lib/firebase_options.dart":{"projectId":"realtime-67b18","configurations":{"android":"1:233326359871:android:692026d15d618a848d8f8a","ios":"1:233326359871:ios:5322a459a88c36218d8f8a","macos":"1:233326359871:ios:5322a459a88c36218d8f8a","web":"1:233326359871:web:7d80eced60be75938d8f8a","windows":"1:233326359871:web:9bba7302f761cb0f8d8f8a"}}}}}}